date,day,time,microcolony_ID,TREATMENT,TEMP,treatmentgroup,time,image_ID,replicate,hot_spot,bee_type,spot_one,spot_two,ambient_reading,brood_temp,ambient_true,,,,,,,,
,0,PM,11A,CONTROL,LOW,controllow,,,1,34.7,brood,23.5,34,22.1,30.73333333,19,,,,,,,,
,0,PM,,CONTROL,LOW,controllow,,,2,,,,,,,19,,,,,,,,
,0,PM,,CONTROL,LOW,controllow,,,3,,,,,,,19,,,,DAY,HIGHCONTROL,LOWCONTROL,HIGHIMI,LOWIMI
,0,PM,11B,CONTROL,LOW,controllow,,,1,35.8,brood,26.2,30.8,21.6,30.93333333,19,,,,0,32.15,31.05333333,30.43333333,30.65333333
,0,PM,,CONTROL,LOW,controllow,,,2,,,,,,,19,,,,1AM,34.00444444,29.65416667,30.79285714,26.69622222
,0,PM,,CONTROL,LOW,controllow,,,3,,,,,,,19,,,,1PM,34.1355555,29.454545,30.79111,26.569
,0,PM,12A,CONTROL,LOW,controllow,,,1,35.1,bee,32.2,28.6,22.2,31.96666667,19,,,,2AM,33.57111111,30.33809524,31.75333333,26.69622222
,0,PM,,CONTROL,LOW,controllow,,,2,,,,,,,19,,,,2PM,33.72444444,30.37333333,31.61111111,27.11520833
,0,PM,,CONTROL,LOW,controllow,,,3,,,,,,,19,,,,3AM,32.81777778,29.12666667,30.82888889,23.68222222
,0,PM,12B,CONTROL,LOW,controllow,,,1,35,brood,22.8,31.3,22.1,29.7,19,,,,3PM,33.06458333,29.35777778,30.82888889,22.49777778
,0,PM,,CONTROL,LOW,controllow,,,2,,,,,,,19,,,,4AM,33.14222222,29.92888889,26.2452381,22.25952381
,0,PM,,CONTROL,LOW,controllow,,,3,,,,,,,19,,,,4PM,31.79375,30.28444444,27.75777778,20.42888889
,0,PM,3E,CONTROL,LOW,controllow,,,1,36.3,brood,29.5,30,22.9,31.93333333,19,,,,5AM,33.06666667,30.13333333,28.36888889,22.18
,0,PM,,CONTROL,LOW,controllow,,,2,,,,,,,19,,,,5PM,32.21111111,28.65777778,26.26888889,20.71555556
,0,PM,,CONTROL,LOW,controllow,,,3,,,,,,,19,,,,,,,,
,0,PM,14A,CONTROL,HIGH,controlhigh,,,1,35.6,brood,31.1,34.4,27.4,33.7,25,,,,,,,,
,0,PM,,CONTROL,HIGH,controlhigh,,,2,,,,,,,25,,,,,,,,
,0,PM,,CONTROL,HIGH,controlhigh,,,3,,,,,,,25,,,,,,,,
,0,PM,14B,CONTROL,HIGH,controlhigh,,,1,37.7,bee,30.7,30.9,27.4,33.1,25,,,,,,,,
,0,PM,,CONTROL,HIGH,controlhigh,,,2,,,,,,,25,,,,,,,,
,0,PM,,CONTROL,HIGH,controlhigh,,,3,,,,,,,25,,,,,,,,
,0,PM,14C,CONTROL,HIGH,controlhigh,,,1,37.4,brood,31.9,31.8,27.7,33.7,25,,,,,,,,
,0,PM,,CONTROL,HIGH,controlhigh,,,2,,,,,,,25,,,,,,,,
,0,PM,,CONTROL,HIGH,controlhigh,,,3,,,,,,,25,,,,,,,,
,0,PM,15A,CONTROL,HIGH,controlhigh,,,1,35.7,brood,30.9,28.7,26.7,31.76666667,25,,,,,,,,
,0,PM,,CONTROL,HIGH,controlhigh,,,2,,,,,,,25,,,,,,,,
,0,PM,,CONTROL,HIGH,controlhigh,,,3,,,,,,,25,,,,,,,,
,0,PM,15B,CONTROL,HIGH,controlhigh,,,1,34.3,brood,26.6,28.2,26,29.7,25,,,,,,,,
,0,PM,,CONTROL,HIGH,controlhigh,,,2,,,,,,,25,,,,,,,,
,0,PM,,CONTROL,HIGH,controlhigh,,,3,,,,,,,25,,,,,,,,
,0,PM,1C,IMI,LOW,imilow,,,1,34.9,brood,28.3,29.6,23.4,30.93333333,19,,,,,,,,
,0,PM,,IMI,LOW,imilow,,,2,,,,,,,19,,,,,,,,
,0,PM,,IMI,LOW,imilow,,,3,,,,,,,19,,,,,,,,
,0,PM,1D,IMI,LOW,imilow,,,1,34.7,bee,34.7,28.2,22.6,32.53333333,19,,,,,,,,
,0,PM,,IMI,LOW,imilow,,,2,,,,,,,19,,,,,,,,
,0,PM,,IMI,LOW,imilow,,,3,,,,,,,19,,,,,,,,
,0,PM,1E,IMI,LOW,imilow,,,1,37.9,bee,27.1,28.7,29.1,31.23333333,19,,,,,,,,
,0,PM,,IMI,LOW,imilow,,,2,,,,,,,19,,,,,,,,
,0,PM,,IMI,LOW,imilow,,,3,,,,,,,19,,,,,,,,
,0,PM,3C,IMI,LOW,imilow,,,1,35.7,brood,24.2,26.4,26.9,28.76666667,19,,,,,,,,
,0,PM,,IMI,LOW,imilow,,,2,,,,,,,19,,,,,,,,
,0,PM,,IMI,LOW,imilow,,,3,,,,,,,19,,,,,,,,
,0,PM,3D,IMI,LOW,imilow,,,1,36.4,brood,25.6,27.4,22.1,29.8,19,,,,,,,,
,0,PM,,IMI,LOW,imilow,,,2,,,,,,,19,,,,,,,,
,0,PM,,IMI,LOW,imilow,,,3,,,,,,,19,,,,,,,,
,0,PM,13A,IMI,HIGH,imihigh,,,1,33,brood,28.2,28.2,24.7,29.8,25,,,,,,,,
,0,PM,,IMI,HIGH,imihigh,,,2,,,,,,,25,,,,,,,,
,0,PM,,IMI,HIGH,imihigh,,,3,,,,,,,25,,,,,,,,
,0,PM,13B,IMI,HIGH,imihigh,,,1,33.7,bee,26.4,29.6,24.9,29.9,25,,,,,,,,
,0,PM,,IMI,HIGH,imihigh,,,2,,,,,,,25,,,,,,,,
,0,PM,,IMI,HIGH,imihigh,,,3,,,,,,,25,,,,,,,,
,0,PM,15C,IMI,HIGH,imihigh,,,1,,,,,,,25,,,,,,,,
,0,PM,,IMI,HIGH,imihigh,,,2,,,,,,,25,,,,,,,,
,0,PM,,IMI,HIGH,imihigh,,,3,,,,,,,25,,,,,,,,
,0,PM,16A,IMI,HIGH,imihigh,,,1,33.9,brood,28.5,26,24.8,29.46666667,25,,,,,,,,
,0,PM,,IMI,HIGH,imihigh,,,2,,,,,,,25,,,,,,,,
,0,PM,,IMI,HIGH,imihigh,,,3,,,,,,,25,,,,,,,,
,0,PM,16B,IMI,HIGH,imihigh,18:39,,1,37.5,brood,30.6,29.6,28.1,32.56666667,25,,,,,,,,
,0,PM,,IMI,HIGH,imihigh,,,2,,,,,,,25,,,,,,,,
,0,PM,,IMI,HIGH,imihigh,,,3,,,,,,,25,,,,,,,,
,1,PM,11A,CONTROL,LOW,controllow,,,1,32.2,bee,22.4,25.6,19.5,26.73333333,19,,,,,,,,
,1,PM,,CONTROL,LOW,controllow,17:55,,2,32.2,brood,23.7,26.5,19.5,27.46666667,19,,,,,,,,
,1,PM,,CONTROL,LOW,controllow,,,3,32.3,brood,25.9,27.6,19.5,28.6,19,,,,,,,,
,1,PM,11B,CONTROL,LOW,controllow,,,1,35.3,brood,23.7,28.7,21.8,29.23333333,19,,,,,,,,
,1,PM,,CONTROL,LOW,controllow,,,2,35.7,brood,23.4,28.1,21.7,29.06666667,19,,,,,,,,
,1,PM,,CONTROL,LOW,controllow,,,3,34.9,bee,23.6,28.5,21.8,29,19,,,,,,,,
,1,PM,12A,CONTROL,LOW,controllow,,,1,34.8,bee,27,26.2,22.4,29.33333333,19,,,,,,,,
,1,PM,,CONTROL,LOW,controllow,,,2,34.3,brood,28.7,30.5,22.3,31.16666667,19,,,,,,,,
,1,PM,,CONTROL,LOW,controllow,,,3,35.6,bee,28.6,25.7,22.3,29.96666667,19,,,,,,,,
,1,PM,12B,CONTROL,LOW,controllow,,,1,35.6,brood,29.9,28.2,2.1,31.23333333,19,,,,,,,,
,1,PM,,CONTROL,LOW,controllow,,,2,35.4,brood,25.7,28.7,22.6,29.93333333,19,,,,,,,,
,1,PM,,CONTROL,LOW,controllow,,,3,35.4,brood,25.8,27.8,22.2,29.66666667,19,,,,,,,,
,1,PM,3E,CONTROL,LOW,controllow,,,1,34.2,brood,29.4,25.7,21.9,29.76666667,19,,,,,,,,
,1,PM,,CONTROL,LOW,controllow,,,2,34.2,brood,29.1,26,21.8,29.76666667,19,,,,,,,,
,1,PM,,CONTROL,LOW,controllow,,,3,33.9,brood,29.2,25.8,21.9,29.63333333,19,,,,,,,,
,1,PM,14A,CONTROL,HIGH,controlhigh,,,1,36.7,brood,35.2,29.8,28,33.9,25,,,,,,,,
,1,PM,,CONTROL,HIGH,controlhigh,,,2,36.2,brood,31.4,30.3,27.8,32.63333333,25,,,,,,,,
,1,PM,,CONTROL,HIGH,controlhigh,,,3,36.5,brood,30.8,29.7,28.1,32.33333333,25,,,,,,,,
,1,PM,14B,CONTROL,HIGH,controlhigh,,,1,38.8,bee,33.5,32.1,29,34.8,25,,,,,,,,
,1,PM,,CONTROL,HIGH,controlhigh,,,2,37.3,bee,32,34.2,30.2,34.5,25,,,,,,,,
,1,PM,,CONTROL,HIGH,controlhigh,,,3,37.5,bee,32.6,34.2,29.3,34.76666667,25,,,,,,,,
,1,PM,14C,CONTROL,HIGH,controlhigh,,,1,40,brood,32.1,31.1,27.8,34.4,25,,,,,,,,
,1,PM,,CONTROL,HIGH,controlhigh,,,2,38.3,bee,32.7,34,27.8,35,25,,,,,,,,
,1,PM,,CONTROL,HIGH,controlhigh,,,3,37.9,bee,33,32.8,27.9,34.56666667,25,,,,,,,,
,1,PM,15A,CONTROL,HIGH,controlhigh,,,1,39,brood,32.3,32.8,28.1,34.7,25,,,,,,,,
,1,PM,,CONTROL,HIGH,controlhigh,,,2,38,brood,33.3,32.1,28.1,34.46666667,25,,,,,,,,
,1,PM,,CONTROL,HIGH,controlhigh,,,3,37.8,brood,33.3,32.1,28.1,34.4,25,,,,,,,,
,1,PM,15B,CONTROL,HIGH,controlhigh,,,1,37,brood,28.1,32.9,28.1,32.66666667,25,,,,,,,,
,1,PM,,CONTROL,HIGH,controlhigh,,,2,37.9,brood,31.1,31.6,28.1,33.53333333,25,,,,,,,,
,1,PM,,CONTROL,HIGH,controlhigh,,,3,36.8,brood,30.9,32.5,28,33.4,25,,,,,,,,
,1,PM,1C,IMI,LOW,imilow,,,1,34.9,brood,24.5,27.5,22.6,28.96666667,19,,,,,,,,
,1,PM,,IMI,LOW,imilow,,,2,34.4,bee,24.8,27,22.6,28.73333333,19,,,,,,,,
,1,PM,,IMI,LOW,imilow,,,3,33.9,bee,24.7,27.2,22.6,28.6,19,,,,,,,,
,1,PM,1D,IMI,LOW,imilow,,,1,33.5,bee,24.1,23.3,22.2,26.96666667,19,,,,,,,,
,1,PM,,IMI,LOW,imilow,,,2,32.2,bee,23.2,23.2,22.1,26.2,19,,,,,,,,
,1,PM,,IMI,LOW,imilow,,,3,32.4,bee,23.3,23.1,22.1,26.26666667,19,,,,,,,,
,1,PM,1E,IMI,LOW,imilow,,,1,24.43,brood,22,22.6,21.8,23.01,19,,,,,,,,
,1,PM,,IMI,LOW,imilow,,,2,24.3,brood,22.2,22.4,22,22.96666667,19,,,,,,,,
,1,PM,,IMI,LOW,imilow,,,3,24.5,brood,22.1,22.7,22,23.1,19,,,,,,,,
,1,PM,3C,IMI,LOW,imilow,,,1,34.3,brood,27.7,24.1,22.3,28.7,19,,,,,,,,
,1,PM,,IMI,LOW,imilow,,,2,34.3,brood,22.3,24,22.3,26.86666667,19,,,,,,,,
,1,PM,,IMI,LOW,imilow,,,3,34.2,brood,28.2,24.1,22.2,28.83333333,19,,,,,,,,
,1,PM,3D,IMI,LOW,imilow,,,1,32.6,brood,23.7,23.8,22,26.7,19,,,,,,,,
,1,PM,,IMI,LOW,imilow,,,2,32.6,brood,24.2,25,21.8,27.26666667,19,,,,,,,,
,1,PM,,IMI,LOW,imilow,,,3,33.4,brood,24,24.4,21.9,27.26666667,19,,,,,,,,
,1,PM,13A,IMI,HIGH,imihigh,,,1,31.5,brood,27.9,31,27.1,30.13333333,25,,,,,,,,
,1,PM,,IMI,HIGH,imihigh,,,2,31.6,brood,27,27.9,27,28.83333333,25,,,,,,,,
,1,PM,,IMI,HIGH,imihigh,,,3,31.7,brood,28,30.6,27.1,30.1,25,,,,,,,,
,1,PM,13B,IMI,HIGH,imihigh,,,1,32.4,brood,28,28,27.4,29.46666667,25,,,,,,,,
,1,PM,,IMI,HIGH,imihigh,,,2,32.2,brood,28.2,28.1,27.4,29.5,25,,,,,,,,
,1,PM,,IMI,HIGH,imihigh,,,3,32.2,brood,28.2,28,27.4,29.46666667,25,,,,,,,,
,1,PM,15C,IMI,HIGH,imihigh,,,1,38.1,brood,28.2,30.1,32.4,32.13333333,25,,,,,,,,
,1,PM,,IMI,HIGH,imihigh,,,2,36.8,brood,30.1,28.8,27.9,31.9,25,,,,,,,,
,1,PM,,IMI,HIGH,imihigh,,,3,36.8,brood,28.8,30.1,27.9,31.9,25,,,,,,,,
,1,PM,16A,IMI,HIGH,imihigh,,,1,35.6,brood,29.6,29.3,27.7,31.5,25,,,,,,,,
,1,PM,,IMI,HIGH,imihigh,,,2,35.7,brood,29.3,29.1,27.7,31.36666667,25,,,,,,,,
,1,PM,,IMI,HIGH,imihigh,,,3,36.1,brood,29.4,30.4,27.6,31.96666667,25,,,,,,,,
,1,PM,16B,IMI,HIGH,imihigh,,,1,37.1,bee,27.5,29.3,27.5,31.3,25,,,,,,,,
,1,PM,,IMI,HIGH,imihigh,,,2,37.4,bee,28,29.2,27.6,31.53333333,25,,,,,,,,
,1,PM,,IMI,HIGH,imihigh,,,3,,,,,,,25,,,,,,,,
15/07/2021,2,AM,11A,CONTROL,LOW,controllow,,,1,35,brood,26.6,28.8,22,30.13333333,19,,,,,,,,
,2,AM,,CONTROL,LOW,controllow,,,2,34.7,brood,25.5,29.6,22,29.93333333,19,,,,,,,,
,2,AM,,CONTROL,LOW,controllow,,,3,33.7,brood,26.2,28.3,22.1,29.4,19,,,,,,,,
,2,AM,11B,CONTROL,LOW,controllow,,,1,34.3,brood,24.4,24,21.6,27.56666667,19,,,,,,,,
,2,AM,,CONTROL,LOW,controllow,,,2,37,brood,23.4,23.1,21.7,27.83333333,19,,,,,,,,
,2,AM,,CONTROL,LOW,controllow,,,3,34,brood,24.5,23.3,21.7,27.26666667,19,,,,,,,,
,2,AM,12A,CONTROL,LOW,controllow,,,1,34.5, bee,29.2,32.3,22.3,32,19,,,,,,,,
,2,AM,,CONTROL,LOW,controllow,,,2,34.3,brood,28,27.3,22.3,29.86666667,19,,,,,,,,
,2,AM,,CONTROL,LOW,controllow,,,3,34.2,brood,31.2,27.4,22.3,30.93333333,19,,,,,,,,
,2,AM,12B,CONTROL,LOW,controllow,,,1,35.8,bee,30.3,31.1,22.6,32.4,19,,,,,,,,
,2,AM,,CONTROL,LOW,controllow,,,2,36.9,bee,30.9,29.4,22.7,32.4,19,,,,,,,,
,2,AM,,CONTROL,LOW,controllow,,,3,35.3,bee,29.4,29.5,22.7,31.4,19,,,,,,,,
,2,AM,3E,CONTROL,LOW,controllow,,,1,36.7,bee,29.1,27.2,22.6,31,19,,,,,,,,
,2,AM,,CONTROL,LOW,controllow,,,2,35,brood,27.8,35,22.7,32.6,19,,,,,,,,
,2,AM,,CONTROL,LOW,controllow,,,3,36.7,bee,28.7,27.2,22.6,30.86666667,19,,,,,,,,
,2,AM,14A,CONTROL,HIGH,controlhigh,,,1,38.3,bee,31.5,31.4,27.6,33.73333333,25,,,,,,,,
,2,AM,,CONTROL,HIGH,controlhigh,,,2,37.7,brood,32.1,31.4,27.6,33.73333333,25,,,,,,,,
,2,AM,,CONTROL,HIGH,controlhigh,,,3,37.5,bee,34.7,32.4,27.5,34.86666667,25,,,,,,,,
,2,AM,14B,CONTROL,HIGH,controlhigh,13:05,,1,38.3, bee,29.6,32.3,31.2,33.4,25,,,,,,,,
,2,AM,,CONTROL,HIGH,controlhigh,,,2,36,bee,29.9,31.3,27.8,32.4,25,,,,,,,,
,2,AM,,CONTROL,HIGH,controlhigh,,,3,38.5,bee,29.8,31.4,27.8,33.23333333,25,,,,,,,,
,2,AM,14C,CONTROL,HIGH,controlhigh,,,1,38.5,bee,31,30.3,27.8,33.26666667,25,,,,,,,,
,2,AM,,CONTROL,HIGH,controlhigh,,,2,37.5, bee,30.7,30.8,27.9,33,25,,,,,,,,
,2,AM,,CONTROL,HIGH,controlhigh,,,3,37.5,bee,30.7,30.5,27.9,32.9,25,,,,,,,,
,2,AM,15A,CONTROL,HIGH,controlhigh,,,1,36.2,brood,35,31.6,28.5,34.26666667,25,,,,,,,,
,2,AM,,CONTROL,HIGH,controlhigh,,,2,37.1,bee,30.4,31.6,28.4,33.03333333,25,,,,,,,,
,2,AM,,CONTROL,HIGH,controlhigh,,,3,37.7,brood,32.3,31.5,28.5,33.83333333,25,,,,,,,,
,2,AM,15B,CONTROL,HIGH,controlhigh,,,1,37.6, bee,32.2,30.2,28.4,33.33333333,25,,,,,,,,
,2,AM,,CONTROL,HIGH,controlhigh,,,2,39,bee,32,30,28.5,33.66666667,25,,,,,,,,
,2,AM,,CONTROL,HIGH,controlhigh,,,3,37.9,brood,33.1,33.7,28.4,34.9,25,,,,,,,,
,2,AM,1C,IMI,LOW,imilow,,,1,36.7,bee,25.2,31.1,31.1,31,19,,,,,,,,
,2,AM,,IMI,LOW,imilow,,,2,35.7,brood,25.4,31.4,22.9,30.83333333,19,,,,,,,,
,2,AM,,IMI,LOW,imilow,,,3,34.8,brood,31.5,31.7,22.9,32.66666667,19,,,,,,,,
,2,AM,1D,IMI,LOW,imilow,,,1,35.6,bee,25.9,25.4,22.5,28.96666667,19,,,,,,,,
,2,AM,,IMI,LOW,imilow,,,2,34.8,bee,23.4,24.9,22.4,27.7,19,,,,,,,,
,2,AM,,IMI,LOW,imilow,,,3,33.6,bee,25.2,23.9,22.5,27.56666667,19,,,,,,,,
,2,AM,1E,IMI,LOW,imilow,,,1,27.1,brood,23.3,22.6,22.1,24.33333333,19,,,,,,,,
,2,AM,,IMI,LOW,imilow,,,2,27,brood,23.6,23.2,22,24.6,19,,,,,,,,
,2,AM,,IMI,LOW,imilow,,,3,26.9,brood,23.5,23.5,22,24.63333333,19,,,,,,,,
,2,AM,3C,IMI,LOW,imilow,,,1,33.8,brood,28.4,24.8,21.8,29,19,,,,,,,,
,2,AM,,IMI,LOW,imilow,,,2,34.7,brood,27.5,25,21.9,29.06666667,19,,,,,,,,
,2,AM,,IMI,LOW,imilow,,,3,34.6,brood,27.7,25.2,21.8,29.16666667,19,,,,,,,,
,2,AM,3D,IMI,LOW,imilow,,,1,34.1,bee,22.9,27.7,22.2,28.23333333,19,,,,,,,,
,2,AM,,IMI,LOW,imilow,,,2,34.6,bee,23.8,30.6,22.2,29.66666667,19,,,,,,,,
,2,AM,,IMI,LOW,imilow,,,3,35.2,bee,24.7,30.9,22.2,30.26666667,19,,,,,,,,
,2,AM,13A,IMI,HIGH,imihigh,,,1,34.6,brood,28.4,28.7,27.3,30.56666667,25,,,,,,,,
,2,AM,,IMI,HIGH,imihigh,,,2,34.5,brood,30.1,28.4,27.2,31,25,,,,,,,,
,2,AM,,IMI,HIGH,imihigh,,,3,34.5,brood,28.3,28.5,27.3,30.43333333,25,,,,,,,,
,2,AM,13B,IMI,HIGH,imihigh,,,1,36.5,brood,29,31.6,27.9,32.36666667,25,,,,,,,,
,2,AM,,IMI,HIGH,imihigh,,,2,35.3,brood,28.9,32.1,27.9,32.1,25,,,,,,,,
,2,AM,,IMI,HIGH,imihigh,,,3,35.5,brood,28.8,31.6,27.8,31.96666667,25,,,,,,,,
,2,AM,15C,IMI,HIGH,imihigh,,,1,38.1,bee,29,28.9,27.2,32,25,,,,,,,,
,2,AM,,IMI,HIGH,imihigh,,,2,37.1,bee,29.3,29.3,27.8,31.9,25,,,,,,,,
,2,AM,,IMI,HIGH,imihigh,,,3,37.7,brood,29.1,28.9,27.7,31.9,25,,,,,,,,
,2,AM,16A,IMI,HIGH,imihigh,,,1,35.1,brood,30.7,31.5,28,32.43333333,25,,,,,,,,
,2,AM,,IMI,HIGH,imihigh,,,2,35.3,bee,30.4,31.4,28.1,32.36666667,25,,,,,,,,
,2,AM,,IMI,HIGH,imihigh,,,3,35.5,bee,30.4,31.4,28,32.43333333,25,,,,,,,,
,2,AM,16B,IMI,HIGH,imihigh,,,1,35.9,brood,28.8,29.7,27.7,31.46666667,25,,,,,,,,
,2,AM,,IMI,HIGH,imihigh,,,2,36.6,brood,28.4,29.6,27.7,31.53333333,25,,,,,,,,
,2,AM,,IMI,HIGH,imihigh,,,3,36.9,brood,28.8,29.8,27.6,31.83333333,25,,,,,,,,
,2,PM,11A,CONTROL,LOW,controllow,,,1,35,brood,32.6,31.7,22.5,33.1,19,,,,,,,,
,2,PM,,CONTROL,LOW,controllow,,,2,35.5,brood,31.8,31.2,22.5,32.83333333,19,,,,,,,,
,2,PM,,CONTROL,LOW,controllow,,,3,35.4,brood,31.1,31.2,22.5,32.56666667,19,,,,,,,,
,2,PM,11B,CONTROL,LOW,controllow,,,1,34.6,brood,25.5,23.3,21.8,27.8,19,,,,,,,,
,2,PM,,CONTROL,LOW,controllow,,,2,34.9,brood,26,23.5,21.9,28.13333333,19,,,,,,,,
,2,PM,,CONTROL,LOW,controllow,,,3,34.4,brood,24.4,23.2,21.7,27.33333333,19,,,,,,,,
,2,PM,12A,CONTROL,LOW,controllow,,,1,37.9,brood,29,28.5,23,31.8,19,,,,,,,,
,2,PM,,CONTROL,LOW,controllow,,,2,36,brood,29.3,27.9,23,31.06666667,19,,,,,,,,
,2,PM,,CONTROL,LOW,controllow,,,3,34.8,brood,30.6,28.4,23.1,31.26666667,19,,,,,,,,
,2,PM,12B,CONTROL,LOW,controllow,,,1,36.6,bee,24.7,30.8,22.8,30.7,19,,,,,,,,
,2,PM,,CONTROL,LOW,controllow,,,2,35.8,bee,26.7,29.4,23.1,30.63333333,19,,,,,,,,
,2,PM,,CONTROL,LOW,controllow,,,3,35.8,bee,26.2,29.3,23.1,30.43333333,19,,,,,,,,
,2,PM,3E,CONTROL,LOW,controllow,,,1,35.2,bee,26.8,26.4,22.3,29.46666667,19,,,,,,,,
,2,PM,,CONTROL,LOW,controllow,,,2,34.8,brood,28.4,26.1,22.4,29.76666667,19,,,,,,,,
,2,PM,,CONTROL,LOW,controllow,,,3,34.9,brood,22.3,25.8,22.4,27.66666667,19,,,,,,,,
,2,PM,14A,CONTROL,HIGH,controlhigh,,,1,37.8,bee,34.5,32.3,27.3,34.86666667,25,,,,,,,,
,2,PM,,CONTROL,HIGH,controlhigh,,,2,37,brood,32.4,32.3,27.3,33.9,25,,,,,,,,
,2,PM,,CONTROL,HIGH,controlhigh,,,3,37.3,brood,32.4,32.3,27.3,34,25,,,,,,,,
,2,PM,14B,CONTROL,HIGH,controlhigh,,,1,38.2,bee,32.1,32.1,27.4,34.13333333,25,,,,,,,,
,2,PM,,CONTROL,HIGH,controlhigh,,,2,38,bee,34.9,31.8,27.4,34.9,25,,,,,,,,
,2,PM,,CONTROL,HIGH,controlhigh,,,3,37.4,brood,32.4,31.9,27.4,33.9,25,,,,,,,,
,2,PM,14C,CONTROL,HIGH,controlhigh,,,1,38.3,brood,30.2,30.9,27.4,33.13333333,25,,,,,,,,
,2,PM,,CONTROL,HIGH,controlhigh,,,2,37.3,brood,30.6,33.8,27.5,33.9,25,,,,,,,,
,2,PM,,CONTROL,HIGH,controlhigh,,,3,37,brood,31.6,31,27.5,33.2,25,,,,,,,,
,2,PM,15A,CONTROL,HIGH,controlhigh,,,1,38.5,bee,33,31.1,28.2,34.2,25,,,,,,,,
,2,PM,,CONTROL,HIGH,controlhigh,,,2,36.4,brood,34.6,31.2,28.2,34.06666667,25,,,,,,,,
,2,PM,,CONTROL,HIGH,controlhigh,,,3,37.8,bee,34,30.7,28.2,34.16666667,25,,,,,,,,
,2,PM,15B,CONTROL,HIGH,controlhigh,,,1,38.1,bee,30.7,31.2,28,33.33333333,25,,,,,,,,
,2,PM,,CONTROL,HIGH,controlhigh,,,2,31,bee,32.2,31,28,31.4,25,,,,,,,,
,2,PM,,CONTROL,HIGH,controlhigh,,,3,36.7,brood,30.2,31.4,28.1,32.76666667,25,,,,,,,,
,2,PM,1C,IMI,LOW,imilow,,,1,33.2,bee,23,26.8,22.6,27.66666667,19,,,,,,,,
,2,PM,,IMI,LOW,imilow,,,2,31.7,bee,23.2,26.2,22.7,27.03333333,19,,,,,,,,
,2,PM,,IMI,LOW,imilow,,,3,32.7,bee,23.5,25.7,22.7,27.3,19,,,,,,,,
,2,PM,1D,IMI,LOW,imilow,,,1,26.3,brood,22.1,22.7,22.3,23.7,19,,,,,,,,
,2,PM,,IMI,LOW,imilow,,,2,26.2,brood,22.4,22.6,22.3,23.73333333,19,,,,,,,,
,2,PM,,IMI,LOW,imilow,,,3,26.3,brood,22.2,22.4,22.1,23.63333333,19,,,,,,,,
,2,PM,1E,IMI,LOW,imilow,,,1,29.5,bee,22.5,22.1,22.1,24.7,19,,,,,,,,
,2,PM,,IMI,LOW,imilow,,,2,28.9,bee,22.5,21.9,22.1,24.43333333,19,,,,,,,,
,2,PM,,IMI,LOW,imilow,,,3,29.1,bee,22.5,22,22,24.53333333,19,,,,,,,,
,2,PM,3C,IMI,LOW,imilow,,,1,33.3,bee,23.4,22.7,21.9,26.46666667,19,,,,,,,,
,2,PM,,IMI,LOW,imilow,,,2,31.1,bee,23.7,22.5,21.9,25.76666667,19,,,,,,,,
,2,PM,,IMI,LOW,imilow,,,3,30.7,bee,23.5,22.4,21.8,25.53333333,19,,,,,,,,
,2,PM,3D,IMI,LOW,imilow,,,1,29.4,bee,22,21.7,21.3,24.36666667,19,,,,,,,,
,2,PM,,IMI,LOW,imilow,14:25,,2,29.5,bee,22,21.7,21.4,24.4,19,,,,,,,,
,2,PM,,IMI,LOW,imilow,,,3,29.2,bee,21.9,21.7,21.4,24.26666667,19,,,,,,,,
,2,PM,13A,IMI,HIGH,imihigh,,,1,34.4,brood,28.7,28.2,27.2,30.43333333,25,,,,,,,,
,2,PM,,IMI,HIGH,imihigh,,,2,34.3,brood,28.5,28.3,27.3,30.36666667,25,,,,,,,,
,2,PM,,IMI,HIGH,imihigh,,,3,34.4,brood,28.6,28.1,27.3,30.36666667,25,,,,,,,,
,2,PM,13B,IMI,HIGH,imihigh,,,1,36.6,brood,29,31.2,27.8,32.26666667,25,,,,,,,,
,2,PM,,IMI,HIGH,imihigh,,,2,36.6,bee,28.5,31.4,27.7,32.16666667,25,,,,,,,,
,2,PM,,IMI,HIGH,imihigh,,,3,36.7,bee,28.3,31.2,27.7,32.06666667,25,,,,,,,,
,2,PM,15C,IMI,HIGH,imihigh,,,1,34.7,brood,28.9,27.9,27.5,30.5,25,,,,,,,,
,2,PM,,IMI,HIGH,imihigh,,,2,34.6,brood,28.8,27.9,27.5,30.43333333,25,,,,,,,,
,2,PM,,IMI,HIGH,imihigh,,,3,34.4,brood,28.8,27.9,27.4,30.36666667,25,,,,,,,,
,2,PM,16A,IMI,HIGH,imihigh,,,1,36.5,bee,29.9,31,27.8,32.46666667,25,,,,,,,,
,2,PM,,IMI,HIGH,imihigh,,,2,38.8,bee,30.5,30.6,27.8,33.3,25,,,,,,,,
,2,PM,,IMI,HIGH,imihigh,,,3,37.5,bee,29.6,30.8,27.7,32.63333333,25,,,,,,,,
,2,PM,16B,IMI,HIGH,imihigh,,,1,38,bee,31.9,29.3,28.1,33.06666667,25,,,,,,,,
,2,PM,,IMI,HIGH,imihigh,,,2,37.3,bee,28.7,29.8,28.2,31.93333333,25,,,,,,,,
,2,PM,,IMI,HIGH,imihigh,,,3,37.1,bee,28.5,29.8,28.2,31.8,25,,,,,,,,
16/07/2021,3,AM,11A,CONTROL,LOW,controllow,,,1,32.7,brood,23.3,32.7,18.7,29.56666667,19,,,,,,,,
,3,AM,,CONTROL,LOW,controllow,,,2,30.5,brood,23.3,23.8,18.5,25.86666667,19,,,,,,,,
,3,AM,,CONTROL,LOW,controllow,,,3,30.4,brood,22.8,24.2,18.6,25.8,19,,,,,,,,
,3,AM,11B,CONTROL,LOW,controllow,,,1,32.8,brood,26.1,29,18.6,29.3,19,,,,,,,,
,3,AM,,CONTROL,LOW,controllow,,,2,32.5,brood,27.4,28,18.6,29.3,19,,,,,,,,
,3,AM,,CONTROL,LOW,controllow,,,3,32.7,brood,23.3,29.2,18.7,28.4,19,,,,,,,,
,3,AM,12A,CONTROL,LOW,controllow,,,1,32.7,bee,27.3,23.6,20.6,27.86666667,19,,,,,,,,
,3,AM,,CONTROL,LOW,controllow,,,2,32.8,brood,27.8,23.5,20.6,28.03333333,19,,,,,,,,
,3,AM,,CONTROL,LOW,controllow,,,3,32.3,bee,26.1,23.6,20.6,27.33333333,19,,,,,,,,
,3,AM,12B,CONTROL,LOW,controllow,,,1,35.1,brood,27,32,21,31.36666667,19,,,,,,,,
,3,AM,,CONTROL,LOW,controllow,,,2,33.7,brood,27.2,31.2,20.8,30.7,19,,,,,,,,
,3,AM,,CONTROL,LOW,controllow,,,3,35.4,brood,27.3,29.9,20.9,30.86666667,19,,,,,,,,
,3,AM,3E,CONTROL,LOW,controllow,,,1,34.4,brood,29.6,30.6,20.8,31.53333333,19,,,,,,,,
,3,AM,,CONTROL,LOW,controllow,,,2,33.8,brood,28.9,28.6,20.9,30.43333333,19,,,,,,,,
,3,AM,,CONTROL,LOW,controllow,,,3,34.3,brood,30.1,27.2,21,30.53333333,19,,,,,,,,
,3,AM,14A,CONTROL,HIGH,controlhigh,,,1,36.7,bee,32.2,34.5,27.4,34.46666667,25,,,,,,,,
,3,AM,,CONTROL,HIGH,controlhigh,,,2,36.9,bee,31.5,33.1,27.4,33.83333333,25,,,,,,,,
,3,AM,,CONTROL,HIGH,controlhigh,,,3,35,brood,32.3,34,27.4,33.76666667,25,,,,,,,,
,3,AM,14B,CONTROL,HIGH,controlhigh,,,1,36.7,brood,29.9,31.8,27.7,32.8,25,,,,,,,,
,3,AM,,CONTROL,HIGH,controlhigh,,,2,36.1,bee,29.8,31.6,27.8,32.5,25,,,,,,,,
,3,AM,,CONTROL,HIGH,controlhigh,,,3,36.9,bee,29.9,31.4,27.7,32.73333333,25,,,,,,,,
,3,AM,14C,CONTROL,HIGH,controlhigh,,,1,40,bee,31.5,31.6,27.9,34.36666667,25,,,,,,,,
,3,AM,,CONTROL,HIGH,controlhigh,,,2,38.3,bee,29.3,31.4,27.8,33,25,,,,,,,,
,3,AM,,CONTROL,HIGH,controlhigh,,,3,37.1,bee,31.8,31.4,27.8,33.43333333,25,,,,,,,,
,3,AM,15A,CONTROL,HIGH,controlhigh,,,1,37.4,brood,3.7,31.7,28.4,24.26666667,25,,,,,,,,
,3,AM,,CONTROL,HIGH,controlhigh,,,2,37.4,brood,31.7,32,28.4,33.7,25,,,,,,,,
,3,AM,,CONTROL,HIGH,controlhigh,,,3,37.3,brood,31.6,31.6,28.5,33.5,25,,,,,,,,
,3,AM,15B,CONTROL,HIGH,controlhigh,,,1,36.6,brood,32.3,30.7,28,33.2,25,,,,,,,,
,3,AM,,CONTROL,HIGH,controlhigh,,,2,36.6,brood,32.2,30.7,28.1,33.16666667,25,,,,,,,,
,3,AM,,CONTROL,HIGH,controlhigh,,,3,37.3,bee,32.8,30.5,28.1,33.53333333,25,,,,,,,,
,3,AM,1C,IMI,LOW,imilow,,,1,28.8,bee,21.5,21.5,20.9,23.93333333,19,,,,,,,,
,3,AM,,IMI,LOW,imilow,,,2,30.3,bee,21.5,21.5,20.9,24.43333333,19,,,,,,,,
,3,AM,,IMI,LOW,imilow,,,3,30.4,bee,21.5,21.5,20.9,24.46666667,19,,,,,,,,
,3,AM,1D,IMI,LOW,imilow,,,1,24.2,bee,21.1,20.7,20.5,22,19,,,,,,,,
,3,AM,,IMI,LOW,imilow,,,2,24.1,bee,21.2,20.8,20.5,22.03333333,19,,,,,,,,
,3,AM,,IMI,LOW,imilow,,,3,24.1,bee,21,20.7,20.6,21.93333333,19,,,,,,,,
,3,AM,1E,IMI,LOW,imilow,,,1,25.2,bee,22.3,22.3,21.9,23.26666667,19,,,,,,,,
,3,AM,,IMI,LOW,imilow,,,2,25.8,bee,22.2,22.3,21.8,23.43333333,19,,,,,,,,
,3,AM,,IMI,LOW,imilow,,,3,25.4,bee,22.2,22.3,21.8,23.3,19,,,,,,,,
,3,AM,3C,IMI,LOW,imilow,,,1,31.9,bee,24.2,22.3,21.5,26.13333333,19,,,,,,,,
,3,AM,,IMI,LOW,imilow,,,2,30.3,bee,24.2,22.3,21.5,25.6,19,,,,,,,,
,3,AM,,IMI,LOW,imilow,,,3,31.5,bee,23.8,22.3,21.6,25.86666667,19,,,,,,,,
,3,AM,3D,IMI,LOW,imilow,,,1,26.2,bee,21.3,21.2,21.2,22.9,19,,,,,,,,
,3,AM,,IMI,LOW,imilow,,,2,26.3,bee,21.4,21.2,21.2,22.96666667,19,,,,,,,,
,3,AM,,IMI,LOW,imilow,,,3,26.3,bee,21.4,21.2,21.2,22.96666667,19,,,,,,,,
,3,AM,13A,IMI,HIGH,imihigh,,,1,31.6,bee,27.6,27.5,26.9,28.9,25,,,,,,,,
,3,AM,,IMI,HIGH,imihigh,,,2,31.7,bee,27.6,27.5,26.8,28.93333333,25,,,,,,,,
,3,AM,,IMI,HIGH,imihigh,,,3,31.4,bee,27.5,27.5,26.9,28.8,25,,,,,,,,
,3,AM,13B,IMI,HIGH,imihigh,,,1,34.1,brood,28.4,32.6,34.1,31.7,25,,,,,,,,
,3,AM,,IMI,HIGH,imihigh,,,2,33.9,brood,30.8,32.6,27.3,32.43333333,25,,,,,,,,
,3,AM,,IMI,HIGH,imihigh,,,3,34,brood,28.5,32.7,27.3,31.73333333,25,,,,,,,,
,3,AM,15C,IMI,HIGH,imihigh,,,1,35.1,bee,28.5,28.1,27.3,30.56666667,25,,,,,,,,
,3,AM,,IMI,HIGH,imihigh,,,2,36.2,bee,28,28.1,27.4,30.76666667,25,,,,,,,,
,3,AM,,IMI,HIGH,imihigh,,,3,35.5,bee,28.1,28.1,27.3,30.56666667,25,,,,,,,,
,3,AM,16A,IMI,HIGH,imihigh,,,1,34.3,bee,28.5,30.2,27.8,31,25,,,,,,,,
,3,AM,,IMI,HIGH,imihigh,,,2,33.9,brood,28.6,30.6,27.8,31.03333333,25,,,,,,,,
,3,AM,,IMI,HIGH,imihigh,,,3,33.8,brood,28.6,30.6,27.8,31,25,,,,,,,,
,3,AM,16B,IMI,HIGH,imihigh,,,1,35.7,brood,29.1,30.9,27.4,31.9,25,,,,,,,,
,3,AM,,IMI,HIGH,imihigh,,,2,35.4,brood,28.8,31.1,27.1,31.76666667,25,,,,,,,,
,3,AM,,IMI,HIGH,imihigh,,,3,35,brood,28.7,30.3,26.9,31.33333333,25,,,,,,,,
,3,PM,11A,CONTROL,LOW,controllow,,,1,33.9,brood,26.9,28.5,22.3,29.76666667,19,,,,,,,,
,3,PM,,CONTROL,LOW,controllow,,,2,33.8,brood,27.4,23,22.5,28.06666667,19,,,,,,,,
,3,PM,,CONTROL,LOW,controllow,,,3,35.8,bee,26.5,28.8,22.2,30.36666667,19,,,,,,,,
,3,PM,11B,CONTROL,LOW,controllow,,,1,32.7,brood,27.5,32.7,18.9,30.96666667,19,,,,,,,,
,3,PM,,CONTROL,LOW,controllow,,,2,33.2,brood,28.1,28.5,18.8,29.93333333,19,,,,,,,,
,3,PM,,CONTROL,LOW,controllow,,,3,32.5,brood,27.4,31.3,18.9,30.4,19,,,,,,,,
,3,PM,12A,CONTROL,LOW,controllow,,,1,34.6,bee,26.8,24.6,20.6,28.66666667,19,,,,,,,,
,3,PM,,CONTROL,LOW,controllow,,,2,34.2,bee,25.1,24.7,20.7,28,19,,,,,,,,
,3,PM,,CONTROL,LOW,controllow,,,3,34.7,bee,26.2,25.3,20.5,28.73333333,19,,,,,,,,
,3,PM,12B,CONTROL,LOW,controllow,,,1,35.8,bee,27.8,25.6,20.5,29.73333333,19,,,,,,,,
,3,PM,,CONTROL,LOW,controllow,,,2,33.4,bee,27.7,26,20.1,29.03333333,19,,,,,,,,
,3,PM,,CONTROL,LOW,controllow,,,3,33.3,bee,28.1,26,20.2,29.13333333,19,,,,,,,,
,3,PM,3E,CONTROL,LOW,controllow,,,1,32.7,bee,27.9,26.5,19.5,29.03333333,19,,,,,,,,
,3,PM,,CONTROL,LOW,controllow,,,2,33,bee,27.2,26.6,19.5,28.93333333,19,,,,,,,,
,3,PM,,CONTROL,LOW,controllow,,,3,32.9,bee,30.2,25.7,19.5,29.6,19,,,,,,,,
,3,PM,14A,CONTROL,HIGH,controlhigh,,,1,34.8,brood,31.6,32.1,27.3,32.83333333,25,,,,,,,,
,3,PM,,CONTROL,HIGH,controlhigh,,,2,35.5,brood,32.1,31.9,27.4,33.16666667,25,,,,,,,,
,3,PM,,CONTROL,HIGH,controlhigh,,,3,35.1,brood,32,32.1,27.3,33.06666667,25,,,,,,,,
,3,PM,14B,CONTROL,HIGH,controlhigh,,,1,36.9,bee,29.9,31.8,28.1,32.86666667,25,,,,,,,,
,3,PM,,CONTROL,HIGH,controlhigh,,,2,36.7,bee,29.7,30.7,27.9,32.36666667,25,,,,,,,,
,3,PM,,CONTROL,HIGH,controlhigh,,,3,36.7,bee,29.7,30.7,27.9,32.36666667,25,,,,,,,,
,3,PM,14C,CONTROL,HIGH,controlhigh,,,1,37.6,bee,28.5,31.1,28,32.4,25,,,,,,,,
,3,PM,,CONTROL,HIGH,controlhigh,,,2,38.3,bee,28.6,30.9,28,32.6,25,,,,,,,,
,3,PM,,CONTROL,HIGH,controlhigh,,,3,38.9,bee,28.5,38.9,28,35.43333333,25,,,,,,,,
,3,PM,15A,CONTROL,HIGH,controlhigh,,,1,36.7,brood,34.6,30.3,29.7,33.86666667,25,,,,,,,,
,3,PM,,CONTROL,HIGH,controlhigh,,,2,37.1,brood,31.7,30.4,28.7,33.06666667,25,,,,,,,,
,3,PM,,CONTROL,HIGH,controlhigh,,,3,37,brood,33.7,30.3,29.8,33.66666667,25,,,,,,,,
,3,PM,15B,CONTROL,HIGH,controlhigh,,,1,37.7,bee,31.2,31.9,28.1,33.6,25,,,,,,,,
,3,PM,,CONTROL,HIGH,controlhigh,,,2,38.9,brood,31.2,34,28,34.7,25,,,,,,,,
,3,PM,,CONTROL,HIGH,controlhigh,,,3,37,brood,31.4,31.9,28.1,33.43333333,25,,,,,,,,
,3,PM,1C,IMI,LOW,imilow,,,1,23.5,bee,22.6,23.1,22.6,23.06666667,19,,,,,,,,
,3,PM,,IMI,LOW,imilow,,,2,23.4,bee,22.7,23,22.5,23.03333333,19,,,,,,,,
,3,PM,,IMI,LOW,imilow,,,3,23.4,bee,22.7,23,22.5,23.03333333,19,,,,,,,,
,3,PM,1D,IMI,LOW,imilow,,,1,23.2,bee,22.7,22.6,22.5,22.83333333,19,,,,,,,,
,3,PM,,IMI,LOW,imilow,,,2,23.3,bee,22.7,22.6,22.5,22.86666667,19,,,,,,,,
,3,PM,,IMI,LOW,imilow,,,3,23.2,bee,22.6,22.5,22.4,22.76666667,19,,,,,,,,
,3,PM,1E,IMI,LOW,imilow,,,1,22.6,brood,22,22,21.9,22.2,19,,,,,,,,
,3,PM,,IMI,LOW,imilow,,,2,22.7,brood,22.1,22,21.9,22.26666667,19,,,,,,,,
,3,PM,,IMI,LOW,imilow,,,3,22.7,bee,22.1,22.1,22,22.3,19,,,,,,,,
,3,PM,3C,IMI,LOW,imilow,,,1,23.6,brood,22,21.6,21.8,22.4,19,,,,,,,,
,3,PM,,IMI,LOW,imilow,,,2,23.7,brood,21.8,21.6,21.8,22.36666667,19,,,,,,,,
,3,PM,,IMI,LOW,imilow,,,3,23.7,brood,22,21.6,21.8,22.43333333,19,,,,,,,,
,3,PM,3D,IMI,LOW,imilow,,,1,22.6,bee,21.6,21.9,21.7,22.03333333,19,,,,,,,,
,3,PM,,IMI,LOW,imilow,,,2,22.3,brood,21.6,21.8,21.6,21.9,19,,,,,,,,
,3,PM,,IMI,LOW,imilow,,,3,22.4,bee,21.7,21.8,21.6,21.96666667,19,,,,,,,,
,3,PM,13A,IMI,HIGH,imihigh,,,1,27.9,bee,27.5,27.6,27.2,27.66666667,25,,,,,,,,
,3,PM,,IMI,HIGH,imihigh,,,2,27.7,bee,27.3,27.5,27.1,27.5,25,,,,,,,,
,3,PM,,IMI,HIGH,imihigh,,,3,27.8,bee,27.4,27.5,27.2,27.56666667,25,,,,,,,,
,3,PM,13B,IMI,HIGH,imihigh,,,1,30.5,bee,27.7,28,27.6,28.73333333,25,,,,,,,,
,3,PM,,IMI,HIGH,imihigh,,,2,30.5,bee,27.8,28.1,27.7,28.8,25,,,,,,,,
,3,PM,,IMI,HIGH,imihigh,,,3,30.1,bee,27.9,28.1,27.7,28.7,25,,,,,,,,
,3,PM,15C,IMI,HIGH,imihigh,,,1,31,bee,27.4,27.5,27.3,28.63333333,25,,,,,,,,
,3,PM,,IMI,HIGH,imihigh,,,2,30.5,bee,27.4,27.5,27.3,28.46666667,25,,,,,,,,
,3,PM,,IMI,HIGH,imihigh,,,3,31.3,bee,27.5,27.6,27.3,28.8,25,,,,,,,,
,3,PM,16A,IMI,HIGH,imihigh,,,1,33.5,brood,27.3,31.6,27.3,30.8,25,,,,,,,,
,3,PM,,IMI,HIGH,imihigh,,,2,33.4,brood,27.4,33.3,27.3,31.36666667,25,,,,,,,,
,3,PM,,IMI,HIGH,imihigh,,,3,33.4,brood,27.3,33.3,27.3,31.33333333,25,,,,,,,,
,3,PM,16B,IMI,HIGH,imihigh,,,1,30.2,bee,27.1,27.6,27.2,28.3,25,,,,,,,,
,3,PM,,IMI,HIGH,imihigh,,,2,30.1,bee,27.2,27.7,27.1,28.33333333,25,,,,,,,,
,3,PM,,IMI,HIGH,imihigh,,,3,30.3,bee,27.2,27.6,27,28.36666667,25,,,,,,,,
17/07/2021,4,AM,11A,CONTROL,LOW,controllow,,,1,32.6,brood,29.2,25.6,21.9,29.13333333,19,,,,,,,,
,4,AM,,CONTROL,LOW,controllow,,,2,33.8,brood,33.8,25.6,21.9,31.06666667,19,,,,,,,,
,4,AM,,CONTROL,LOW,controllow,,,3,34.2,brood,31.4,28.4,21.8,31.33333333,19,,,,,,,,
,4,AM,11B,CONTROL,LOW,controllow,,,1,34,brood,25.8,31.5,21.6,30.43333333,19,,,,,,,,
,4,AM,,CONTROL,LOW,controllow,,,2,34.2,brood,29,33.6,21.5,32.26666667,19,,,,,,,,
,4,AM,,CONTROL,LOW,controllow,,,3,35.8,brood,31,30.5,21.5,32.43333333,19,,,,,,,,
,4,AM,12A,CONTROL,LOW,controllow,,,1,36.8,brood,29.8,28,22.3,31.53333333,19,,,,,,,,
,4,AM,,CONTROL,LOW,controllow,,,2,35.5,brood,29.7,27.9,22.2,31.03333333,19,,,,,,,,
,4,AM,,CONTROL,LOW,controllow,,,3,36,brood,30.8,28.5,22.4,31.76666667,19,,,,,,,,
,4,AM,12B,CONTROL,LOW,controllow,,,1,32.7,bee,25.5,26.3,19.2,28.16666667,19,,,,,,,,
,4,AM,,CONTROL,LOW,controllow,,,2,31,bee,25.2,26.6,19.3,27.6,19,,,,,,,,
,4,AM,,CONTROL,LOW,controllow,,,3,31,bee,25.3,26.5,19.3,27.6,19,,,,,,,,
,4,AM,3E,CONTROL,LOW,controllow,,,1,31.4,brood,27.7,24,17.7,27.7,19,,,,,,,,
,4,AM,,CONTROL,LOW,controllow,,,2,31.3,brood,30.3,23.7,17.8,28.43333333,19,,,,,,,,
,4,AM,,CONTROL,LOW,controllow,,,3,31.3,brood,30.3,23.7,17.8,28.43333333,19,,,,,,,,
,4,AM,14A,CONTROL,HIGH,controlhigh,,,1,36.3,bee,34.9,30.8,27.2,34,25,,,,,,,,
,4,AM,,CONTROL,HIGH,controlhigh,,,2,35.6,bee,31.2,30.7,27.2,32.5,25,,,,,,,,
,4,AM,,CONTROL,HIGH,controlhigh,,,3,35.7,bee,31.6,30.5,27.2,32.6,25,,,,,,,,
,4,AM,14B,CONTROL,HIGH,controlhigh,,,1,36.5,bee,29.5,32.5,27.7,32.83333333,25,,,,,,,,
,4,AM,,CONTROL,HIGH,controlhigh,,,2,37.3,bee,29.9,32.2,27.7,33.13333333,25,,,,,,,,
,4,AM,,CONTROL,HIGH,controlhigh,,,3,36.4,bee,31.1,32.7,27.7,33.4,25,,,,,,,,
,4,AM,14C,CONTROL,HIGH,controlhigh,,,1,37.2,bee,30.8,32.3,27.6,33.43333333,25,,,,,,,,
,4,AM,,CONTROL,HIGH,controlhigh,,,2,37,bee,31.1,31,27.6,33.03333333,25,,,,,,,,
,4,AM,,CONTROL,HIGH,controlhigh,,,3,36.9,bee,31,31,27.7,32.96666667,25,,,,,,,,
,4,AM,15A,CONTROL,HIGH,controlhigh,,,1,36.8,bee,31.6,31,28.2,33.13333333,25,,,,,,,,
,4,AM,,CONTROL,HIGH,controlhigh,,,2,38,bee,33.3,30.8,28.2,34.03333333,25,,,,,,,,
,4,AM,,CONTROL,HIGH,controlhigh,,,3,36.8,bee,32.3,30.8,28.2,33.3,25,,,,,,,,
,4,AM,15B,CONTROL,HIGH,controlhigh,,,1,37.9,brood,30,31.4,28.2,33.1,25,,,,,,,,
,4,AM,,CONTROL,HIGH,controlhigh,,,2,36.4,bee,30.2,30.6,28.3,32.4,25,,,,,,,,
,4,AM,,CONTROL,HIGH,controlhigh,,,3,38,brood,30.5,31.3,28.2,33.26666667,25,,,,,,,,
,4,AM,1C,IMI,LOW,imilow,,,1,22.4,bee,21.7,22.1,21.6,22.06666667,19,,,,,,,,
,4,AM,,IMI,LOW,imilow,,,2,22.6,bee,21.8,22,21.7,22.13333333,19,,,,,,,,
,4,AM,,IMI,LOW,imilow,,,3,22.6,bee,21.7,22.1,21.7,22.13333333,19,,,,,,,,
,4,AM,1D,IMI,LOW,imilow,,,1,28.1,bee,21.7,21.6,21.5,23.8,19,,,,,,,,
,4,AM,,IMI,LOW,imilow,,,2,27.4,bee,21.7,21.6,21.5,23.56666667,19,,,,,,,,
,4,AM,,IMI,LOW,imilow,,,3,27.7,bee,21.6,21.6,21.6,23.63333333,19,,,,,,,,
,4,AM,1E,IMI,LOW,imilow,,,1,22.4,bee,21.3,21.2,21.2,21.63333333,19,,,,,,,,
,4,AM,,IMI,LOW,imilow,,,2,22.4,bee,21.3,21.2,21.2,21.63333333,19,,,,,,,,
,4,AM,,IMI,LOW,imilow,,,3,,,,,,,19,,,,,,,,
,4,AM,3C,IMI,LOW,imilow,,,1,22.9,bee,21.3,21.4,21,21.86666667,19,,,,,,,,
,4,AM,,IMI,LOW,imilow,,,2,23,brood,21.1,21.7,20.9,21.93333333,19,,,,,,,,
,4,AM,,IMI,LOW,imilow,,,3,22.5,brood,21.2,21.2,21,21.63333333,19,,,,,,,,
,4,AM,3D,IMI,LOW,imilow,,,1,23,brood,21.3,21.4,21,21.9,19,,,,,,,,
,4,AM,,IMI,LOW,imilow,,,2,22.6,bee,21.6,21.3,21.4,21.83333333,19,,,,,,,,
,4,AM,,IMI,LOW,imilow,,,3,22.6,bee,21.5,21.5,21.4,21.86666667,19,,,,,,,,
,4,AM,13A,IMI,HIGH,imihigh,,,1,23.6,brood,23.2,23.4,22.5,23.4,25,,,,,,,,
,4,AM,,IMI,HIGH,imihigh,,,2,23.7,brood,23.1,23.5,22.5,23.43333333,25,,,,,,,,
,4,AM,,IMI,HIGH,imihigh,,,3,23.7,brood,23.2,23.4,22.5,23.43333333,25,,,,,,,,
,4,AM,13B,IMI,HIGH,imihigh,,,1,23.9,brood,23.2,23.6,22.7,23.56666667,25,,,,,,,,
,4,AM,,IMI,HIGH,imihigh,,,2,23.9,brood,23.4,23.7,22.8,23.66666667,25,,,,,,,,
,4,AM,,IMI,HIGH,imihigh,,,3,23.9,brood,23.2,23.6,22.6,23.56666667,25,,,,,,,,
,4,AM,15C,IMI,HIGH,imihigh,,,1,29.9,bee,27.2,27.2,26.9,28.1,25,,,,,,,,
,4,AM,,IMI,HIGH,imihigh,,,2,29.6,bee,27.1,27.1,26.8,27.93333333,25,,,,,,,,
,4,AM,,IMI,HIGH,imihigh,,,3,30,bee,27.1,27.1,26.8,28.06666667,25,,,,,,,,
,4,AM,16A,IMI,HIGH,imihigh,,,1,28.1,bee,27.6,27.5,27.2,27.73333333,25,,,,,,,,
,4,AM,,IMI,HIGH,imihigh,,,2,28,bee,27.5,27.4,27.2,27.63333333,25,,,,,,,,
,4,AM,,IMI,HIGH,imihigh,,,3,28.2,bee,27.5,27.4,27.2,27.7,25,,,,,,,,
,4,AM,16B,IMI,HIGH,imihigh,17:15,,1,28,bee,27.1,27.4,27.1,27.5,25,,,,,,,,
,4,AM,,IMI,HIGH,imihigh,,,2,28,bee,27.2,27.4,27,27.53333333,25,,,,,,,,
,4,AM,,IMI,HIGH,imihigh,,,3,28,bee,27.2,27.5,27,27.56666667,25,,,,,,,,
,4,PM,11A,CONTROL,LOW,controllow,,,1,33,bee,26.4,31.6,20.3,30.33333333,19,,,,,,,,
,4,PM,,CONTROL,LOW,controllow,,,2,32.7,brood,26.9,31.3,20.3,30.3,19,,,,,,,,
,4,PM,,CONTROL,LOW,controllow,,,3,32.7,bee,26.4,28.9,20.4,29.33333333,19,,,,,,,,
,4,PM,11B,CONTROL,LOW,controllow,,,1,32.3,bee,27.3,29.2,20.1,29.6,19,,,,,,,,
,4,PM,,CONTROL,LOW,controllow,,,2,32.5,brood,29.9,30,20.2,30.8,19,,,,,,,,
,4,PM,,CONTROL,LOW,controllow,,,3,32.2,bee,28.1,29.8,20.1,30.03333333,19,,,,,,,,
,4,PM,12A,CONTROL,LOW,controllow,,,1,34.1,brood,31.9,26.4,20.8,30.8,19,,,,,,,,
,4,PM,,CONTROL,LOW,controllow,,,2,34.3,brood,29.8,29.7,20.9,31.26666667,19,,,,,,,,
,4,PM,,CONTROL,LOW,controllow,,,3,32.6,brood,31.1,27.6,28,30.43333333,19,,,,,,,,
,4,PM,12B,CONTROL,LOW,controllow,,,1,34.5,bee,25.2,27.4,20.4,29.03333333,19,,,,,,,,
,4,PM,,CONTROL,LOW,controllow,,,2,34.5,bee,27.9,27.8,20.4,30.06666667,19,,,,,,,,
,4,PM,,CONTROL,LOW,controllow,,,3,35.6,bee,27.3,27.6,20.5,30.16666667,19,,,,,,,,
,4,PM,3E,CONTROL,LOW,controllow,,,1,35.2,brood,26.9,30.4,22.2,30.83333333,19,,,,,,,,
,4,PM,,CONTROL,LOW,controllow,,,2,35.7,brood,26.2,33.5,22,31.8,19,,,,,,,,
,4,PM,,CONTROL,LOW,controllow,,,3,34.7,brood,26.8,26.9,22,29.46666667,19,,,,,,,,
,4,PM,14A,CONTROL,HIGH,controlhigh,,,1,36.2,bee,30.3,32.3,26.9,32.93333333,25,,,,,,,,
,4,PM,,CONTROL,HIGH,controlhigh,,,2,36.2,brood,32.4,31.4,26.9,33.33333333,25,,,,,,,,
,4,PM,,CONTROL,HIGH,controlhigh,,,3,36.1,brood,32.4,31.2,26.8,33.23333333,25,,,,,,,,
,4,PM,14B,CONTROL,HIGH,controlhigh,,,1,36.6,brood,28.9,29.9,28.4,31.8,25,,,,,,,,
,4,PM,,CONTROL,HIGH,controlhigh,,,2,37.1,brood,29.7,30.9,28.1,32.56666667,25,,,,,,,,
,4,PM,,CONTROL,HIGH,controlhigh,,,3,36,bee,29.4,30.5,27.8,31.96666667,25,,,,,,,,
,4,PM,14C,CONTROL,HIGH,controlhigh,,,1,37.6,bee,29.4,30.8,27.2,32.6,25,,,,,,,,
,4,PM,,CONTROL,HIGH,controlhigh,,,2,38.8,bee,29.4,30.8,27.2,33,25,,,,,,,,
,4,PM,,CONTROL,HIGH,controlhigh,,,3,36.3,brood,27.9,31.2,27,31.8,25,,,,,,,,
,4,PM,15A,CONTROL,HIGH,controlhigh,,,1,36.9,brood,32,32.4,27.9,33.76666667,25,,,,,,,,
,4,PM,,CONTROL,HIGH,controlhigh,,,2,37.8,bee,31.9,32.2,27.9,33.96666667,25,,,,,,,,
,4,PM,,CONTROL,HIGH,controlhigh,,,3,36.7,bee,32,32,27.8,33.56666667,25,,,,,,,,
,4,PM,15B,CONTROL,HIGH,controlhigh,,,1,37.8,bee,29,31,27.6,32.6,25,,,,,,,,
,4,PM,,CONTROL,HIGH,controlhigh,,,2,37.2,brood,29.3,31.4,27.6,32.63333333,25,,,,,,,,
,4,PM,,CONTROL,HIGH,controlhigh,,,3,37.7,bee,30.7,31.4,27.6,33.26666667,25,,,,,,,,
,4,PM,1C,IMI,LOW,imilow,,,1,16.9,brood,14.8,15.3,14.7,15.66666667,19,,,,,,,,
,4,PM,,IMI,LOW,imilow,,,2,23,bee,19.5,19.5,19.3,20.66666667,19,,,,,,,,
,4,PM,,IMI,LOW,imilow,,,3,23.1,bee,19.5,19.5,19.4,20.7,19,,,,,,,,
,4,PM,1D,IMI,LOW,imilow,,,1,23,bee,19.5,19.5,19.3,20.66666667,19,,,,,,,,
,4,PM,,IMI,LOW,imilow,,,2,22.8,bee,19.5,19.5,19.3,20.6,19,,,,,,,,
,4,PM,,IMI,LOW,imilow,,,3,23.1,bee,19.5,19.5,19.4,20.7,19,,,,,,,,
,4,PM,1E,IMI,LOW,imilow,,,1,21.7,brood,20.3,20.4,20.1,20.8,19,,,,,,,,
,4,PM,,IMI,LOW,imilow,,,2,21.7,brood,20.3,20.3,20.1,20.76666667,19,,,,,,,,
,4,PM,,IMI,LOW,imilow,,,3,21.7,brood,20.3,21.1,20.1,21.03333333,19,,,,,,,,
,4,PM,3C,IMI,LOW,imilow,,,1,23.3,brood,20.3,20.5,20.2,21.36666667,19,,,,,,,,
,4,PM,,IMI,LOW,imilow,,,2,23.3,brood,21.1,20.5,20.1,21.63333333,19,,,,,,,,
,4,PM,,IMI,LOW,imilow,,,3,23.1,brood,20.4,20.5,20.1,21.33333333,19,,,,,,,,
,4,PM,3D,IMI,LOW,imilow,,,1,20.3,brood,20.2,20,19.7,20.16666667,19,,,,,,,,
,4,PM,,IMI,LOW,imilow,,,2,20.2,brood,20.2,20.1,19.8,20.16666667,19,,,,,,,,
,4,PM,,IMI,LOW,imilow,,,3,20.2,brood,20.2,20.1,19.8,20.16666667,19,,,,,,,,
,4,PM,13A,IMI,HIGH,imihigh,,,1,28.2,brood,27.4,27.7,27.9,27.76666667,25,,,,,,,,
,4,PM,,IMI,HIGH,imihigh,,,2,28,bee,27.5,27.6,27.5,27.7,25,,,,,,,,
,4,PM,,IMI,HIGH,imihigh,,,3,28.1,bee,27.4,27.6,27.6,27.7,25,,,,,,,,
,4,PM,13B,IMI,HIGH,imihigh,,,1,29.9,brood,27.6,29,27.3,28.83333333,25,,,,,,,,
,4,PM,,IMI,HIGH,imihigh,,,2,30,brood,27.6,29.8,27.4,29.13333333,25,,,,,,,,
,4,PM,,IMI,HIGH,imihigh,,,3,30,brood,27.7,27.8,27.3,28.5,25,,,,,,,,
,4,PM,15C,IMI,HIGH,imihigh,,,1,28.1,bee,27.4,27.5,27.4,27.66666667,25,,,,,,,,
,4,PM,,IMI,HIGH,imihigh,,,2,27.9,bee,27.3,27.4,27.3,27.53333333,25,,,,,,,,
,4,PM,,IMI,HIGH,imihigh,,,3,28.1,bee,27.3,27.5,27.4,27.63333333,25,,,,,,,,
,4,PM,16A,IMI,HIGH,imihigh,,,1,27.6,brood,27,27.2,27,27.26666667,25,,,,,,,,
,4,PM,,IMI,HIGH,imihigh,,,2,27.7,brood,27,27.3,27,27.33333333,25,,,,,,,,
,4,PM,,IMI,HIGH,imihigh,,,3,27.7,brood,27.1,27.2,27,27.33333333,25,,,,,,,,
,4,PM,16B,IMI,HIGH,imihigh,,,1,27.6,bee,27.1,27.3,26.9,27.33333333,25,,,,,,,,
,4,PM,,IMI,HIGH,imihigh,,,2,27.5,bee,27,27.3,26.9,27.26666667,25,,,,,,,,
,4,PM,,IMI,HIGH,imihigh,,,3,27.6,bee,27.2,27.3,26.9,27.36666667,25,,,,,,,,
18/07/2021,5,AM,11A,CONTROL,LOW,controllow,,,1,34.5,brood,26.3,27.2,20.6,29.33333333,19,,,,,,,,
,5,AM,,CONTROL,LOW,controllow,,,2,32.7,brood,24.9,25.6,20.5,27.73333333,19,,,,,,,,
,5,AM,,CONTROL,LOW,controllow,,,3,34.1,brood,28.9,28.8,20.6,30.6,19,,,,,,,,
,5,AM,11B,CONTROL,LOW,controllow,,,1,34,brood,23.3,26.4,22.3,27.9,19,,,,,,,,
,5,AM,,CONTROL,LOW,controllow,,,2,34.7,brood,23.1,26.3,21.7,28.03333333,19,,,,,,,,
,5,AM,,CONTROL,LOW,controllow,,,3,33.7,brood,23.5,23.5,21.7,26.9,19,,,,,,,,
,5,AM,12A,CONTROL,LOW,controllow,,,1,34.5,brood,30.9,32.6,22.5,32.66666667,19,,,,,,,,
,5,AM,,CONTROL,LOW,controllow,,,2,34.5,brood,32.1,27.9,22.4,31.5,19,,,,,,,,
,5,AM,,CONTROL,LOW,controllow,,,3,34.9,brood,31.4,31.4,22.3,32.56666667,19,,,,,,,,
,5,AM,12B,CONTROL,LOW,controllow,,,1,35.1,bee,26,28.8,21.9,29.96666667,19,,,,,,,,
,5,AM,,CONTROL,LOW,controllow,,,2,34.8,bee,26.1,30.6,22.5,30.5,19,,,,,,,,
,5,AM,,CONTROL,LOW,controllow,,,3,34.8,bee,26.1,30.6,22.5,30.5,19,,,,,,,,
,5,AM,3E,CONTROL,LOW,controllow,,,1,36.4,brood,28.4,30.3,22.6,31.7,19,,,,,,,,
,5,AM,,CONTROL,LOW,controllow,,,2,37.1,brood,25.4,29.4,22.6,30.63333333,19,,,,,,,,
,5,AM,,CONTROL,LOW,controllow,,,3,36.4,brood,26.4,31.6,22.7,31.46666667,19,,,,,,,,
,5,AM,14A,CONTROL,HIGH,controlhigh,,,1,37.4,bee,32,31.8,27.1,33.73333333,25,,,,,,,,
,5,AM,,CONTROL,HIGH,controlhigh,,,2,37.2,bee,35.1,31.4,27.2,34.56666667,25,,,,,,,,
,5,AM,,CONTROL,HIGH,controlhigh,,,3,36.7,brood,32.2,31,27.1,33.3,25,,,,,,,,
,5,AM,14B,CONTROL,HIGH,controlhigh,,,1,37.3,bee,31.5,31.9,28,33.56666667,25,,,,,,,,
,5,AM,,CONTROL,HIGH,controlhigh,,,2,37.1,bee,31.3,31.8,28.1,33.4,25,,,,,,,,
,5,AM,,CONTROL,HIGH,controlhigh,,,3,36.7,bee,31.5,31.8,27.9,33.33333333,25,,,,,,,,
,5,AM,14C,CONTROL,HIGH,controlhigh,,,1,38.2,bee,31.8,30.4,27.7,33.46666667,25,,,,,,,,
,5,AM,,CONTROL,HIGH,controlhigh,,,2,37.5,bee,31.4,30.9,27.7,33.26666667,25,,,,,,,,
,5,AM,,CONTROL,HIGH,controlhigh,,,3,37.4,bee,30.2,30.8,27.7,32.8,25,,,,,,,,
,5,AM,15A,CONTROL,HIGH,controlhigh,,,1,36.9,bee,29.2,30.7,27.8,32.26666667,25,,,,,,,,
,5,AM,,CONTROL,HIGH,controlhigh,,,2,36.9,bee,29.2,30.7,27.8,32.26666667,25,,,,,,,,
,5,AM,,CONTROL,HIGH,controlhigh,,,3,37.1,bee,29.3,30.6,27.9,32.33333333,25,,,,,,,,
,5,AM,15B,CONTROL,HIGH,controlhigh,,,1,38.3,bee,28.7,30.8,28,32.6,25,,,,,,,,
,5,AM,,CONTROL,HIGH,controlhigh,,,2,38.4,bee,29.4,30.5,28,32.76666667,25,,,,,,,,
,5,AM,,CONTROL,HIGH,controlhigh,,,3,36.9,bee,28.8,31.3,27.9,32.33333333,25,,,,,,,,
,5,AM,1C,IMI,LOW,imilow,,,1,23,bee,22.4,22.5,22.3,22.63333333,19,,,,,,,,
,5,AM,,IMI,LOW,imilow,,,2,23,bee,22.3,22.4,22.1,22.56666667,19,,,,,,,,
,5,AM,,IMI,LOW,imilow,,,3,23.1,bee,22.4,22.4,22.2,22.63333333,19,,,,,,,,
,5,AM,1D,IMI,LOW,imilow,,,1,22.9,bee,22.4,22.3,22.3,22.53333333,19,,,,,,,,
,5,AM,,IMI,LOW,imilow,,,2,22.9,bee,22.2,22.2,22.2,22.43333333,19,,,,,,,,
,5,AM,,IMI,LOW,imilow,,,3,23.1,bee,22.3,22.3,22.3,22.56666667,19,,,,,,,,
,5,AM,1E,IMI,LOW,imilow,,,1,22.4,bee,21.7,21.8,21.9,21.96666667,19,,,,,,,,
,5,AM,,IMI,LOW,imilow,,,2,22.5,bee,21.8,21.8,21.9,22.03333333,19,,,,,,,,
,5,AM,,IMI,LOW,imilow,,,3,22.3,bee,21.8,21.8,21.9,21.96666667,19,,,,,,,,
,5,AM,3C,IMI,LOW,imilow,,,1,22.9,brood,21.7,21.6,21.8,22.06666667,19,,,,,,,,
,5,AM,,IMI,LOW,imilow,,,2,22.9,brood,21.7,21.7,21.8,22.1,19,,,,,,,,
,5,AM,,IMI,LOW,imilow,,,3,22.9,brood,21.7,21.7,21.7,22.1,19,,,,,,,,
,5,AM,3D,IMI,LOW,imilow,,,1,22.5,bee,21.3,21.4,21.5,21.73333333,19,,,,,,,,
,5,AM,,IMI,LOW,imilow,,,2,22.4,bee,21.2,21.3,21.5,21.63333333,19,,,,,,,,
,5,AM,,IMI,LOW,imilow,,,3,22.5,bee,21.3,21.4,21.5,21.73333333,19,,,,,,,,
,5,AM,13A,IMI,HIGH,imihigh,,,1,28,bee,27.7,27.7,27.5,27.8,25,,,,,,,,
,5,AM,,IMI,HIGH,imihigh,,,2,28.2,bee,27.8,27.8,27.5,27.93333333,25,,,,,,,,
,5,AM,,IMI,HIGH,imihigh,,,3,28.1,bee,27.8,27.7,27.5,27.86666667,25,,,,,,,,
,5,AM,13B,IMI,HIGH,imihigh,,,1,29.7,brood,28.1,28.2,27.5,28.66666667,25,,,,,,,,
,5,AM,,IMI,HIGH,imihigh,,,2,29.6,brood,28,28.1,27.5,28.56666667,25,,,,,,,,
,5,AM,,IMI,HIGH,imihigh,,,3,29.7,brood,28.1,28.2,27.5,28.66666667,25,,,,,,,,
,5,AM,15C,IMI,HIGH,imihigh,,,1,31.5,bee,27.7,27.6,27.7,28.93333333,25,,,,,,,,
,5,AM,,IMI,HIGH,imihigh,,,2,32,bee,27.7,27.6,27.7,29.1,25,,,,,,,,
,5,AM,,IMI,HIGH,imihigh,,,3,31.5,bee,27.7,27.6,27.6,28.93333333,25,,,,,,,,
,5,AM,16A,IMI,HIGH,imihigh,,,1,31,bee,27.9,27.6,27.5,28.83333333,25,,,,,,,,
,5,AM,,IMI,HIGH,imihigh,,,2,30.9,bee,27.9,27.7,27.5,28.83333333,25,,,,,,,,
,5,AM,,IMI,HIGH,imihigh,,,3,31.1,bee,27.9,27.6,27.7,28.86666667,25,,,,,,,,
,5,AM,16B,IMI,HIGH,imihigh,,,1,28,bee,27.2,27.4,27.1,27.53333333,25,,,,,,,,
,5,AM,,IMI,HIGH,imihigh,,,2,28,bee,27.2,27.3,27.1,27.5,25,,,,,,,,
,5,AM,,IMI,HIGH,imihigh,,,3,28,bee,27.2,27.3,27.1,27.5,25,,,,,,,,
,5,PM,11A,CONTROL,LOW,controllow,,,1,31.4,bee,25.5,27.2,19.1,28.03333333,19,,,,,,,,
,5,PM,,CONTROL,LOW,controllow,,,2,32.6,bee,25.5,27.2,19,28.43333333,19,,,,,,,,
,5,PM,,CONTROL,LOW,controllow,,,3,31.3,bee,27.3,27.7,19.1,28.76666667,19,,,,,,,,
,5,PM,11B,CONTROL,LOW,controllow,,,1,32.1,brood,20.5,28.5,20,27.03333333,19,,,,,,,,
,5,PM,,CONTROL,LOW,controllow,,,2,32.3,bee,20.4,28.3,19.9,27,19,,,,,,,,
,5,PM,,CONTROL,LOW,controllow,,,3,32.5,bee,21.2,28,20,27.23333333,19,,,,,,,,
,5,PM,12A,CONTROL,LOW,controllow,,,1,35,brood,29.8,26.3,20.8,30.36666667,19,,,,,,,,
,5,PM,,CONTROL,LOW,controllow,,,2,34.4,bee,26.7,24.4,20.2,28.5,19,,,,,,,,
,5,PM,,CONTROL,LOW,controllow,,,3,34.4,bee,27.1,23.8,19.8,28.43333333,19,,,,,,,,
,5,PM,12B,CONTROL,LOW,controllow,,,1,35.4,bee,25.3,29.5,21.4,30.06666667,19,,,,,,,,
,5,PM,,CONTROL,LOW,controllow,,,2,35.1,bee,25.8,28,21.5,29.63333333,19,,,,,,,,
,5,PM,,CONTROL,LOW,controllow,,,3,35.1,bee,25.4,26.9,21.4,29.13333333,19,,,,,,,,
,5,PM,3E,CONTROL,LOW,controllow,,,1,33.8,bee,28.4,24.3,20.1,28.83333333,19,,,,,,,,
,5,PM,,CONTROL,LOW,controllow,,,2,34.3,bee,28.8,25.7,20.2,29.6,19,,,,,,,,
,5,PM,,CONTROL,LOW,controllow,,,3,33.9,brood,28,24.5,20.3,28.8,19,,,,,,,,
,5,PM,14A,CONTROL,HIGH,controlhigh,,,1,37.3,brood,32.1,32.4,27.3,33.93333333,25,,,,,,,,
,5,PM,,CONTROL,HIGH,controlhigh,,,2,35.5,brood,33.7,32.1,27.5,33.76666667,25,,,,,,,,
,5,PM,,CONTROL,HIGH,controlhigh,,,3,36,brood,34.1,32.3,27.4,34.13333333,25,,,,,,,,
,5,PM,14B,CONTROL,HIGH,controlhigh,,,1,38,bee,30.2,31.6,27.8,33.26666667,25,,,,,,,,
,5,PM,,CONTROL,HIGH,controlhigh,,,2,38.2,bee,30,31.6,27.7,33.26666667,25,,,,,,,,
,5,PM,,CONTROL,HIGH,controlhigh,,,3,36.6,bee,30.3,31.7,27.7,32.86666667,25,,,,,,,,
,5,PM,14C,CONTROL,HIGH,controlhigh,,,1,37,bee,29.6,31.2,26.6,32.6,25,,,,,,,,
,5,PM,,CONTROL,HIGH,controlhigh,,,2,36.9,bee,28.6,31.2,26.1,32.23333333,25,,,,,,,,
,5,PM,,CONTROL,HIGH,controlhigh,,,3,37.3,bee,32.6,31.1,27.4,33.66666667,25,,,,,,,,
,5,PM,15A,CONTROL,HIGH,controlhigh,,,1,37.2,brood,31.1,33.1,27.3,33.8,25,,,,,,,,
,5,PM,,CONTROL,HIGH,controlhigh,,,2,35.8,bee,31.3,31.9,27.4,33,25,,,,,,,,
,5,PM,,CONTROL,HIGH,controlhigh,,,3,31.3,brood,31.3,32,27.4,31.53333333,25,,,,,,,,
,5,PM,15B,CONTROL,HIGH,controlhigh,,,1,38.2,bee,32.5,30.4,27.4,33.7,25,,,,,,,,
,5,PM,,CONTROL,HIGH,controlhigh,,,2,37.2,brood,28.6,30.3,27.2,32.03333333,25,,,,,,,,
,5,PM,,CONTROL,HIGH,controlhigh,,,3,37.4,bee,28.4,30.5,27.7,32.1,25,,,,,,,,
,5,PM,1C,IMI,LOW,imilow,,,1,21.7,brood,20.9,21,20.4,21.2,19,,,,,,,,
,5,PM,,IMI,LOW,imilow,,,2,21.5,brood,20.9,20.9,20.4,21.1,19,,,,,,,,
,5,PM,,IMI,LOW,imilow,,,3,21.6,brood,20.9,21,20.4,21.16666667,19,,,,,,,,
,5,PM,1D,IMI,LOW,imilow,,,1,20.8,brood,20.7,20.6,20.3,20.7,19,,,,,,,,
,5,PM,,IMI,LOW,imilow,,,2,20.8,brood,20.7,20.6,20.3,20.7,19,,,,,,,,
,5,PM,,IMI,LOW,imilow,,,3,20.8,brood,20.6,20.5,20.3,20.63333333,19,,,,,,,,
,5,PM,1E,IMI,LOW,imilow,,,1,20.4,brood,20,20.1,20,20.16666667,19,,,,,,,,
,5,PM,,IMI,LOW,imilow,,,2,20.3,brood,20,20.1,19.9,20.13333333,19,,,,,,,,
,5,PM,,IMI,LOW,imilow,,,3,20.4,brood,19.9,20.1,19.9,20.13333333,19,,,,,,,,
,5,PM,3C,IMI,LOW,imilow,,,1,20.9,brood,20.4,19.8,19.6,20.36666667,19,,,,,,,,
,5,PM,,IMI,LOW,imilow,,,2,20.8,brood,20.1,19.8,19.6,20.23333333,19,,,,,,,,
,5,PM,,IMI,LOW,imilow,,,3,20.8,brood,21.4,19.8,19.5,20.66666667,19,,,,,,,,
,5,PM,3D,IMI,LOW,imilow,,,1,21.7,bee,20.9,21,20.9,21.2,19,,,,,,,,
,5,PM,,IMI,LOW,imilow,,,2,21.6,bee,20.9,21,20.9,21.16666667,19,,,,,,,,
,5,PM,,IMI,LOW,imilow,,,3,21.6,bee,20.9,21,20.9,21.16666667,19,,,,,,,,
,5,PM,13A,IMI,HIGH,imihigh,,,1,28,bee,27,27.3,26.8,27.43333333,25,,,,,,,,
,5,PM,,IMI,HIGH,imihigh,,,2,28.1,bee,26.7,27.2,26.2,27.33333333,25,,,,,,,,
,5,PM,,IMI,HIGH,imihigh,,,3,27.9,bee,27,27.2,26.8,27.36666667,25,,,,,,,,
,5,PM,13B,IMI,HIGH,imihigh,,,1,27.9,brood,27.2,27.7,27.2,27.6,25,,,,,,,,
,5,PM,,IMI,HIGH,imihigh,,,2,28.6,brood,27.9,27.4,27.3,27.96666667,25,,,,,,,,
,5,PM,,IMI,HIGH,imihigh,,,3,28.8,brood,27.3,27.8,27.2,27.96666667,25,,,,,,,,
,5,PM,15C,IMI,HIGH,imihigh,,,1,27,bee,25.7,25.7,25.9,26.13333333,25,,,,,,,,
,5,PM,,IMI,HIGH,imihigh,,,2,27,bee,25.7,25.7,25.9,26.13333333,25,,,,,,,,
,5,PM,,IMI,HIGH,imihigh,,,3,27,bee,25.8,25.8,25.9,26.2,25,,,,,,,,
,5,PM,16A,IMI,HIGH,imihigh,,,1,26,bee,24.9,24.9,24.9,25.26666667,25,,,,,,,,
,5,PM,,IMI,HIGH,imihigh,,,2,25.7,bee,24.8,24.8,24.8,25.1,25,,,,,,,,
,5,PM,,IMI,HIGH,imihigh,,,3,25.9,bee,24.7,24.8,24.8,25.13333333,25,,,,,,,,
,5,PM,16B,IMI,HIGH,imihigh,,,1,25.1,bee,24.6,24.6,24.4,24.76666667,25,,,,,,,,
,5,PM,,IMI,HIGH,imihigh,,,2,25.1,bee,24.6,24.6,24.4,24.76666667,25,,,,,,,,
,5,PM,,IMI,HIGH,imihigh,,,3,25.4,bee,24.6,24.6,24.4,24.86666667,25,,,,,,,,